{
  "_comment": "phase_type: 0 = HG (phase = g), 1 = vMF (phase = index into vmf), -1 or missing = isotropic",

  "vmf": [
    {
      "name": "1",
      "data": [
        {
          "mu": [
            -0.006172687714378451,
            0.30272809803076817,
            0.9530569744716494
          ],
          "kappa": 11.561183158087987,
          "weight": 0.3333733747505581
        },
        {
          "mu": [
            0.4085975344975045,
            -0.011269942858752699,
            0.9126450806258264
          ],
          "kappa": 16.515460730920218,
          "weight": 0.2060928289977501
        },
        {
          "mu": [
            -0.3883830986490122,
            -0.015970450209349285,
            0.9213596004839275
          ],
          "kappa": 14.815732761489903,
          "weight": 0.23288973150374903
        },
        {
          "mu": [
            0.011630856646305355,
            -0.3830698649104538,
            0.9236461453236081
          ],
          "kappa": 14.985556002262625,
          "weight": 0.22764406474794135
        }
      ]
    }
  ],

  "host": {
    "name": "Water",
    "sigma_a": [ 0.001, 0.004, 0.015 ],
    "sigma_s": [ 0.002, 0.002, 0.002 ],
    "eta": 1.33
  },

  "particles": [
    {
      "name": "Plankton",
      "sigma_a": [ 0.05, 0.01, 0.07 ],
      "sigma_s": [ 0.015, 0.02, 0.015 ],
      "eta": 1.35,
      "concentration": 2,
      "phase_type": 1,
      "phase": 0.8747561503638501
    }
  ]
}
