{
    "vmf": [
        {
            "mu": [
                0.3097380690393884,
                0.3370325998591376,
                0.8890845602190726
            ],
            "kappa": 28.834786114099625,
            "weight": 0.10446623585287446
        },
        {
            "mu": [
                -0.004662353542904004,
                -0.11037176279937058,
                0.993879437575806
            ],
            "kappa": 9.028418297172163,
            "weight": 0.7816908540864842
        },
        {
            "mu": [
                -0.25154345531884426,
                0.37467366012023,
                0.8923819465331909
            ],
            "kappa": 27.30193300952395,
            "weight": 0.11384291006063932
        }
    ],
    "hg_g": 0.8747561503638501
}